{
  "jcpot_logreg": 0.7288135593220338,
  "jcpot_mlp": 0.847457627118644
}