{
  "strategy_a_logreg": 0.7288135593220338,
  "strategy_a_mlp": 0.8135593220338984,
  "per_source_solo_acc": [
    0.7288135593220338,
    0.7288135593220338,
    0.7288135593220338,
    0.7288135593220338,
    0.7288135593220338,
    0.7288135593220338,
    0.7288135593220338,
    0.7288135593220338,
    0.7288135593220338,
    0.7288135593220338,
    0.7288135593220338,
    0.7288135593220338,
    0.7288135593220338,
    0.7288135593220338,
    0.7288135593220338,
    0.7288135593220338,
    0.7288135593220338,
    0.7288135593220338,
    0.7288135593220338,
    0.7288135593220338,
    0.7288135593220338,
    0.7288135593220338,
    0.7288135593220338
  ],
  "source_weights": [
    0.05054072581125747,
    0.046188720795254046,
    0.05807586788297999,
    0.05929668430628028,
    0.1109304524256157,
    0.11903747096312722,
    0.11864456494930153,
    0.1185120533832321,
    0.11775297580466064,
    0.010590682903880013,
    0.011528145272865777,
    0.007988714792490676,
    0.00860015938227988,
    0.00860015938227988,
    0.00860015938227988,
    0.020219415782692884,
    0.017432601080566573,
    0.016689587661563306,
    0.03054534062493903,
    0.028960080763209266,
    0.00924744934939872,
    0.012562645720207247,
    0.009455341579637861
  ],
  "wasserstein_distances": [
    0.31898114180644854,
    0.3464842411806066,
    0.2765337417596543,
    0.27017959655120793,
    0.078866462750406,
    0.05732220352869803,
    0.058332038417751864,
    0.05867336981699734,
    0.060636033434425196,
    0.7963261710960733,
    0.7704196180004403,
    0.8824437223719745,
    0.8599171746235401,
    0.8599171746235401,
    0.8599171746235401,
    0.5988068938286781,
    0.6441042077611523,
    0.6574083258051622,
    0.47279135988091886,
    0.4890694842061505,
    0.837752211106168,
    0.7441711210273256,
    0.8309616230539711
  ]
}